name,num_atoms,pred_energy
Serotonin HCl,15,0.9620897173881531
Trapidil,15,0.26935046911239624
Mometasone furoate,35,0.47905150055885315
Astemizole,34,0.30689162015914917
Sorafenib,32,0.423103928565979
Cloperastine HCl,25,0.9604575037956238
Sitagliptin,28,0.3844952881336212
PAMBA,11,0.34667661786079407
Sorafenib tosylate,43,0.5220637321472168
Vigabatrin,9,0.35663217306137085
Carteolol HCl,23,0.9575002789497375
Perindoprilat,24,0.34837573766708374
Chlorprothixene,21,0.42612195014953613
Methicillin sodium,27,0.6584000587463379
Terfenadine,35,0.3036348819732666
Dutasteride,37,0.38811448216438293
Midodrine HCl,20,0.9632243514060974
Lapatinib,40,0.4854712188243866
Fludarabine,20,0.3336000144481659
Xylazine HCl,17,0.9651533365249634
Dacogen,16,0.3248269557952881
Fluvastatin sodium salt,31,0.6579196453094482
Chitosan,104,0.34392592310905457
Thonzonium Bromide,38,1.9640192985534668
Dydrogesterone,23,0.315701961517334
Cyclizine 2HCl,24,0.9647987484931946
Salifungin,18,0.7074604630470276
Fosinopril sodium,40,0.6610850691795349
Anethole trithione,14,0.512520432472229
Rifabutin,61,0.34343916177749634
Iopromide,32,1.085007905960083
Eplerenone,30,0.33973604440689087
Esmolol HCl,23,0.9608052372932434
Silodosin,35,0.39827391505241394
Pentolinium Tartrate,37,0.37070947885513306
Sodium fusidate,38,0.6617457866668701
Demeclocycline HCl,34,0.9614101052284241
Urapidil HCl,30,0.9525006413459778
Alfuzosin HCl,30,0.9548158049583435
Antazoline HCl,22,0.9526249766349792
Celiprolol HCl,29,0.9550395607948303
Phentolamine mesilate,26,0.5533826351165771
Tiapride HCl,24,0.967596173286438
GATIFLOXACIN,27,0.350451797246933
Pamidronate disodium salt,15,0.7125031352043152
Ondansetron HCl,26,0.9572178721427917
Fudosteine,11,0.36978042125701904
Citalopram HBr,26,1.9805784225463867
Liranaftate,23,0.3959480822086334
Rizatriptan benzoate,29,0.34290987253189087
Lonidamine,21,0.44431307911872864
Netilmicin sulfate,91,0.6142176985740662
Moroxydine HCl,13,0.941289484500885
Benserazide HCl,20,0.9639760255813599
Megestrol acetate,28,0.34360018372535706
Cisapride,32,0.41831809282302856
Vandetanib (ZD6474),30,0.6955097317695618
Daunorubicin HCl,40,0.9563357830047607
Sulfacetamide sodium salt hydrate,16,0.6794919371604919
Corticosterone,25,0.3322232961654663
Lafutidine,30,0.4258635640144348
Cefoxitin sodium,29,0.6547901630401611
Ambrisentan,28,0.35416173934936523
Teriflunomide,19,0.384514182806015
"10,11-Dihydrocarbamazepine",18,0.3071962594985962
Dicloxacillin sodium,32,0.668002188205719
Pyrantel pamoate,43,0.35564228892326355
Lyothyronine,23,1.092608094215393
Epirubicin HCl,41,0.9570232033729553
Cephalothin,27,0.6562528610229492
Clorprenaline HCl,16,0.9717774987220764
Atazanavir sulfate,56,0.5998062491416931
Naproxen sodium,18,0.661216139793396
Dipivefrin HCl,27,0.9582622647285461
Abacavir,21,0.30329567193984985
Cisatracurium besylate,87,0.5188817381858826
Mycophenolic acid,23,0.3592677414417267
Molindone HCl,21,0.9335371851921082
Procarbazine HCl,18,0.9586076140403748
Dantrolene sodium salt,24,0.6570833325386047
Nicorandil,15,0.3854438066482544
Tiopronin,10,0.3846563696861267
Moxonidine,16,0.4225180745124817
Vidarabine,19,0.32977205514907837
Suxibuzone,32,0.3493373990058899
Paclitaxel,62,0.3471972942352295
Cepharanthine,45,0.31563109159469604
Naltrexone HCl,27,0.9552171230316162
Vardenafil HCl Trihydrate,34,0.4438455402851105
Paliperidone,31,0.3130410313606262
Stanozolol,24,0.3112688362598419
Fleroxacin,26,0.35224515199661255
Etoricoxib,24,0.4817042052745819
Vismodegib (GDC-0449),27,0.48530063033103943
Gramicidin,136,0.3139513432979584
Nepafenac,19,0.3196743130683899
Roflumilast,26,0.43320396542549133
Isosorbide dinitrate,16,0.37185385823249817
SelaMeerin,55,0.3332345485687256
Alprostadil,25,0.35108262300491333
Vincristine sulfate,65,0.5999906063079834
Cyclosporin A,85,0.3088136911392212
Solifenacin succinate,35,0.35097450017929077
Ruxolitinib,23,0.26472610235214233
Hydrocortisone acetate,29,0.35052618384361267
Tranylcypromine (2-PCPA) HCl,12,0.9650158286094666
Flumazenil,22,0.3294471800327301
Toltrazuril,29,0.45238780975341797
Colchicine,29,0.3195572793483734
Vinblastine sulfate,64,0.6017010807991028
Fingolimod (FTY720) HCl,24,0.9564854502677917
Ruxolitinib (INCB018424),23,0.26472610235214233
Teicoplanin,132,0.4251870810985565
Tiratricol,22,1.0987153053283691
Amrinone,14,0.3016086518764496
Azatadine Maleate,38,0.3569485545158386
Moxidectin,46,0.3299908936023712
Flumethasone,29,0.3404281735420227
Ubenimex,22,0.34736496210098267
Mianserin HCl,22,0.9524583220481873
Etoposide,42,0.3290860056877136
Ruxolitinib (INCB-18424) phosphate,28,0.599837064743042
Dienestrol,20,0.30563458800315857
Altretamine,15,0.26906514167785645
Protriptyline HCl,22,0.9537083506584167
Quinestrol,27,0.3086228370666504
Domperidone,30,0.4172475337982178
Galanthamine HBr,23,1.9707667827606201
Ipratropium bromide,26,1.9380197525024414
Voriconazole,25,0.3157787024974823
Tilorone 2HCl,34,0.9609407782554626
Ractopamine HCl,23,0.9370822310447693
Phenothrin,26,0.33018064498901367
Farlutin,28,0.34360018372535706
Levonorgestrel,23,0.30539095401763916
Oxiconazole nitrate,30,0.45313212275505066
Atovaquone,26,0.42300859093666077
Rosuvastatin calcium,67,1.0208594799041748
Tegaserod maleate,30,0.3538977801799774
Flunisolide,31,0.3383951783180237
Lanatoside C,69,0.3528291583061218
Acamprosate calcium,23,1.0348776578903198
GS-7340 Tenofovir alafenamide,33,0.43891221284866333
Methazolamide,14,0.5131670832633972
Nitarsone,13,0.35262107849121094
Trifluridine,20,0.3810500204563141
Felypressin,72,0.4503186047077179
Solithromycin ,60,0.3421410024166107
Dimesna,16,0.642089307308197
Apatinib,35,0.5483027696609497
Dihydroergotamine Mesylate,48,0.5505679845809937
Liothyronine sodium,24,1.0940570831298828
Sanguinarine chloride,26,0.9330251812934875
Malathion,19,0.6062749028205872
Clopidol,11,0.4529212713241577
Dacarbazine,13,0.3062082529067993
Nicergoline,31,0.6960718035697937
Imipenem,21,0.4565197825431824
Clobetasol propionate,32,0.4750623106956482
Fenchlorphos,16,0.5443075895309448
Betamethasone,28,0.33896374702453613
Selenomethionine,9,0.8425701856613159
Latanoprost,31,0.3284814655780792
Cabazitaxel,60,0.34724900126457214
"1,2-Diphenylhydrazine",14,0.25934672355651855
Macitentan,32,0.7160784006118774
Diolane,8,0.3210785984992981
Streptozocin,18,0.3337439298629761
Canagliflozin,31,0.34295526146888733
ABT-199 (GDC-0199),61,0.45686835050582886
Terconazole,36,0.4373346269130707
Belinostat (PXD101),22,0.45606356859207153
Acotiamide HCl,35,0.9429672360420227
MK-4305 (Suvorexant),32,0.4195602536201477
Eltrombopag,33,0.3471621870994568
Hemicholinium-3,32,1.9320552349090576
Amiodarone HCl,33,1.068462610244751
Raltegravir potassium,33,0.3430739641189575
SYR472,34,0.3552042841911316
"Cabozantinib (XL184, BMS-907351)",37,0.3099076747894287
Isavuconazole,31,0.339033305644989
MK3102,27,0.47709333896636963
Icotinib,30,0.9340150952339172
Torezolid,27,0.32627010345458984
Otenabant (CP-945598) HCl,36,0.9382404088973999
PeraMpanel,27,0.292543888092041
Ivabradine HCl,36,0.9541351795196533
Afatinib (BIBW2992) Dimaleate,50,0.4310269355773926
Micafungin sodium,90,0.6609358787536621
Hydroxyzine 2HCl,30,0.9689677953720093
Trans-Tranilast,24,0.3455336093902588
Almotriptan Malate,32,0.4559195637702942
Ivacaftor (VX-770),29,0.3063514530658722
Loxiglumide,30,0.4694383144378662
Mizolastine,32,0.3089756965637207
Dalasetron Mesylate Hydrate,30,0.5557502508163452
Bimatoprost,30,0.30923882126808167
Cancidas,85,0.3668825030326843
Brivanib Alaninate (BMS-582664),32,0.334058940410614
Afatinib (BIBW2992),34,0.4263007640838623
Lumacaftor(VX 809),33,0.3899879455566406
Formoterol,25,0.3176192045211792
Myclobutanil,20,0.42127224802970886
Reboxetine,23,0.2941321134567261
Veliparib (ABT-888),18,0.31303396821022034
Ropinirole HCl,21,0.9556088447570801
Cladribine,19,0.4294489622116089
Ginsenoside Rg1,56,0.3441616892814636
Fosaprepitant dimeglumine,67,0.5262203812599182
"LDE225 (NVP-LDE225,Erismodegib)",35,0.40900352597236633
Droxidopa,15,0.35264819860458374
Dexmedetomidine,15,0.2746468484401703
Pracinostat (SB939),26,0.3296530246734619
Dolutegravir (GSK1349572),31,0.6602936387062073
Apremilast (CC-10004),32,0.48313894867897034
Hyperoside,33,0.33334437012672424
Vilanterol (GW642444; GW 642444X),32,0.43434131145477295
Fruquintinib;HMPL-013,29,0.3095703721046448
Regadenoson,28,0.3287796974182129
Acridine,14,0.25762414932250977
Gestodene,23,0.30539095401763916
Oritavancin diphosphate,135,0.6064985990524292
Pimecrolimus,56,0.42646193504333496
Tetrahydropalmatine HCl,27,0.9322256445884705
Bergapten,16,0.32206571102142334
Carfilzomib (PR-171),52,0.3160383105278015
Everolimus (RAD001),68,0.34079521894454956
Felbamate,17,0.34697169065475464
SGX-523,26,0.3332351744174957
Nimorazole,16,0.3498932719230652
Scopoletin,14,0.3253147602081299
Chlorotrianisene,27,0.4125053882598877
XL184(Cabozantinib malate),46,0.3609331250190735
Nicotine,12,0.2683664560317993
Droperidol,28,0.3068271279335022
Indapamide,24,0.4957079589366913
MLN2238(Ixazomib),23,0.4339885413646698
Tanshinone IIA-sulfonic sodium,27,0.6710141897201538
Radotinib,39,0.3796559274196625
Nintedanib (BIBF 1120),40,0.33220168948173523
Aprepitant ,37,0.3837396204471588
Efinaconazole,25,0.3138621151447296
Plerixafor,36,0.260701060295105
Rilpivirine,28,0.2756273150444031
Regorafenib (BAY 73-4506),33,0.4234244227409363
Palbociclib,33,0.314495712518692
Parecoxib ,26,0.4571667015552521
Prochlorperazine,25,0.4232478141784668
"CAL-101 (Idelalisib, GS-1101)",31,0.3040480315685272
Ibrutinib (PCI-32765),33,0.306477814912796
CM 346(Obenoxazine),21,0.3420453369617462
Tandutinib (MLN518),41,0.30645227432250977
Levobupivacaine,21,0.3003500998020172
Ataluren (PTC124),21,0.34426185488700867
(R)-(+)-Atenolol,19,0.3201140761375427
Econazole nitrate,28,0.44981029629707336
Raltegravir (MK-0518),32,0.3221420347690582
AP24534  Ponatinib,39,0.3801165521144867
Moclobemide (Ro 111163),18,0.42544418573379517
Alarelin,92,0.36393091082572937
Lomitapide Mesylate,55,0.549172043800354
Nifekalant HCl,31,0.9554691314697266
Taurocholic acid sodium salt hydrate,37,0.670778214931488
Bedaquiline(TMC207; R207910),37,0.6901941299438477
Trametinib (GSK1120212),37,1.0031647682189941
Ouabain octahydrate,49,0.46612823009490967
Acecainide,22,0.9564473628997803
Spiperone,29,0.30681517720222473
Triflupromazine HCl,26,0.9601773023605347
Propoxur,15,0.33193424344062805
Capsaicin,22,0.3127289414405823
Clonidine HCl,16,0.9786489605903625
Chlorophos,12,0.7650637030601501
"Temsirolimus (CCI-779, NSC 683864)",73,0.3411504924297333
Medrysone,25,0.3176385760307312
Clorpyrifos,18,0.5675970315933228
Diazinon,19,0.552314817905426
Carboplatin,13,0.32771986722946167
Cefmetazole sodium,31,0.665412962436676
Beclomethasone dipropionate,36,0.40548306703567505
Benfotiamine,31,0.5650344491004944
Suramin Sodium Salt,92,0.6808346509933472
Lycopene,40,0.27946001291275024
Loganin,27,0.34769219160079956
Ergotamine bitartrate,96,0.3627336323261261
Vildagliptin (LAF-237),22,0.306155800819397
Oseltamivir phosphate,27,0.6100323796272278
Rimonabant,30,0.4460408687591553
Pilocarpine nitrate,19,0.4154018461704254
Doxazosin mesylate,38,0.5535768270492554
Nimesulide,21,0.4882822036743164
Metyrapone,17,0.29857802391052246
Melatonine,17,0.31544727087020874
Methotrexate,33,0.35349175333976746
Amikacin,40,0.3407178223133087
Gemifioxacin mesylate,33,0.554097592830658
Cefsulodine sodium,37,0.6650899052619934
Octreotide Acetate,71,0.4500926733016968
"Daclatasvir, BMS790052",56,0.9336796402931213
Bazedoxifene acetate,39,0.36638233065605164
Tetrabenazine,23,0.30733010172843933
Alcaftadine,23,0.30253300070762634
Glucosamine sulfate,17,0.6187201142311096
Fructose,12,0.33904916048049927
Atazanavir,51,0.3399752676486969
Diphemanil mesylate,27,0.5623862147331238
Lapatinib ditosylate,61,0.5271610021591187
Tolazamide,21,0.46114423871040344
Diazoxide,14,0.4714745581150055
Digitoxin,54,0.342247873544693
Bornyl acetate,14,0.34433218836784363
Vincamine,26,0.3351937532424927
Acarbose,44,0.3456501364707947
Zomepirac Sodium,21,0.670398473739624
Morantel tartrate,25,0.37370049953460693
Hexachlorophene,21,0.5063276886940002
Mitotan,18,0.6171175837516785
Permethrin,26,0.6122502684593201
Ritodrine HCl,23,0.9577383399009705
Cisplatin,5,0.5463969707489014
Trimetozine,20,0.30278342962265015
Vanitiolide,17,0.36159396171569824
Carbaryl,15,0.33260393142700195
Rasagiline,13,0.2630312442779541
Dichlorvos,11,0.642621636390686
Amitraz,22,0.27859070897102356
Epiandrosterone,21,0.31000152230262756
Scopolamine HBr trihydrate,27,1.9590260982513428
Aclidinium bromide,34,1.9330313205718994
Flupenthixol 2HCl,34,0.9659602046012878
Piperacetazine,29,0.3249050974845886
Mesoridazine Besylate,36,0.5243521332740784
Ulipristal acetate,35,0.3422609567642212
Dienogest,23,0.310411274433136
Retigabine,22,0.3369198143482208
Peramivir Trihydrate,26,0.45618948340415955
Oxandrolone,22,0.33320751786231995
Minoxidil,15,0.3024367690086365
Desloratadine,22,0.41819190979003906
Levosimendan,21,0.30862364172935486
Alodan,17,0.5790152549743652
Fipronil,26,0.4695071876049042
Sulfachloropyridazine,18,0.4680549204349518
"Olaparib (AZD2281, Ku-0059436)",32,0.30508822202682495
Dabigatran etexilate,46,0.338777631521225
Hydrocortisone Valerate,32,0.33768731355667114
Meclocycline sulfosalicylate salt,47,0.5257856249809265
Dequalinium chloride,36,0.9316945672035217
Montelukast,41,0.421797513961792
Pyrilamine maleate,29,0.35299623012542725
Methoxamine HCl,17,0.9652915596961975
Fimasartan(BR-A-657),36,0.37454479932785034
Sennoside A,62,0.35127007961273193
Ginsenoside Re,66,0.3458586633205414
10-Hydroxycamptothecin,27,0.33510324358940125
Schisandrin,31,0.3199118375778198
Swertiamarin,26,0.3429483473300934
Psoralen,14,0.3277978003025055
Borneol,11,0.30220097303390503
Fasudil,20,0.4430593252182007
Azlocillin sodium,33,0.6577074527740479
Retinol palmitate,38,0.334893137216568
Ebastine,35,0.30379030108451843
Vilazodone,33,0.3152948319911957
Citicoline,31,0.5626307129859924
Monensin sodium salt,48,0.659128725528717
Pargyline HCl,14,0.9617072939872742
Cefonicid sodium,37,0.6721154451370239
Chloropyramine HCl,22,0.9608253836631775
Rivaroxaban,29,0.49835193157196045
Benazepril HCl,33,0.9550132155418396
Terazosin HCl,30,0.9544360041618347
Meclofenamate Sodium,20,0.6721014380455017
Metaraminol bitartrate,22,0.36900827288627625
Estropipate,30,0.5575709342956543
Irinotecan HCl Trihydrate,48,0.9546224474906921
Dexchlorpheniramine Maleate,27,0.4260038733482361
Pamabrom,20,0.7061551213264465
Thiostrepton,114,0.3483985364437103
Maprotiline HCl,23,0.9528951048851013
Homatropine Bromide,22,1.9677035808563232
Disopyramide,25,0.3054311275482178
Eletriptan HBr,29,1.9715921878814697
Hydrocortisone butyrate,31,0.33888059854507446
Isoxicam,23,0.44602882862091064
Nadolol,22,0.3214457631111145
Bendroflumethiazide,27,0.48614758253097534
Podophyllotoxin,30,0.3232257664203644
Diatrizoate sodium,21,1.1184039115905762
Methscopolamine,24,1.9334542751312256
Dichlorisone Acetate,30,0.4528592824935913
(+)-Emetine 2HCl hydrate,40,0.9616813063621521
Fluocinolone acetonide,32,0.3386966586112976
Hodostin,22,0.569168210029602
Etofenamate,26,0.3859286308288574
Norethynodrel,22,0.31027159094810486
Pimozide,34,0.3048301935195923
"Elvitegravir(GS-9137, JTK-303)",31,0.4317568242549896
Avanafil,34,0.4205981194972992
Tolvaptan,32,0.4213714897632599
Darunavir Ethanolate,41,0.44603240489959717
Efonidipine(NZ-105),45,0.44090479612350464
L-Cycloserine,7,0.32402127981185913
Neratinib(HKI-272),40,0.41995519399642944
Crizotinib (PF-02341066),30,0.43703389167785645
L-Adrenaline,13,0.31778836250305176
Imatinib Mesylate (STI571),42,0.5481039881706238
Carbachol,11,0.945379912853241
Cyanocobalamin,93,0.5150697231292725
Ranolazine 2HCl,35,0.9615254402160645
Sunitinib Malate,38,0.36359667778015137
Erlotinib,29,0.3218633532524109
Gabexate mesylate,28,0.5537629723548889
Rosiglitazone maleate,33,0.3864975571632385
Fenoprofen calcium,39,1.0181268453598022
Cinepazide maleate,38,0.35426050424575806
Ribostamycin sulfate,36,0.6078726053237915
Gemcitabine,18,0.3626989722251892
Mebhydrolin napadisylate,60,0.5138125419616699
Balofloxacin,28,0.3478177487850189
Fendiline HCl,25,0.9271584153175354
Cilnidipine,36,0.3583400547504425
Diphenidol HCl,25,0.9528769850730896
Clevidipine butyrate,30,0.47515591979026794
Noradrenaline bitartrate monohydrate,23,0.4588835537433624
Levosulpiride,23,0.47982239723205566
Butenafine HCl,26,0.951078474521637
Lincomycin HCl,29,0.9631534218788147
DL-trihexyphenidyl HCl,24,0.95335853099823
Benztropine mesylate,28,0.5544047355651855
Paroxetine HCl,26,0.9576216340065002
Valacyclovir HCl,25,0.9573361277580261
Moxisylyte HCl,22,0.9595434665679932
Prochlorperazine Maleate,41,0.4282008707523346
Lopinavir,46,0.31726351380348206
(R)-Naproxen,17,0.3468182682991028
Memantine HCl,15,0.9585860371589661
Agomelatine,18,0.3144758343696594
Amfepramone HCl,17,0.9596022963523865
Pheniramine maleate,26,0.35186052322387695
Doxycycline HCl,33,0.9355382919311523
Toradol,27,0.34900161623954773
Pazufloxacin Mesylate,28,0.5602633953094482
Adefovir dipivoxil,34,0.47561007738113403
Fenspiride HCl,21,0.957507312297821
Tetryzoline,15,0.26017889380455017
Rimantadine HCl,15,0.9592702388763428
Mefloquine HCl,28,0.9592679142951965
Mafenide HCl,14,0.9816805720329285
Acebutolol HCl,26,0.9572322964668274
Miconazole,25,0.4520365595817566
Dibucaine,25,0.2998906970024109
Adriamycin,39,0.33639761805534363
Sodium Phenylbutyrate,13,0.6614447236061096
4-Methylpyrazole,6,0.27270594239234924
Apixaban,34,0.3116682171821594
Lurasidone HCl,37,0.9523956775665283
Dasatinib,33,0.4195760190486908
Pindolol,18,0.3156195282936096
Amphotericin B,65,0.35571902990341187
Tylosin,64,0.34254971146583557
Gliquidone,37,0.4582090973854065
DL-Xylose,10,0.3254583477973938
(+)-Pilocarpine HCl,17,0.9618148803710938
Rivastigmine tartrate,28,0.3689344525337219
Atropine,21,0.33331531286239624
Chlorhexidine,34,0.4225711226463318
Nortriptyline HCl,22,0.9537083506584167
Ciclopirox,15,0.3191237449645996
Halcinonide,31,0.4750513434410095
Dendrid,17,1.0225286483764648
Benzbromarone,22,0.7335432171821594
Ibandronic acid,20,0.6880078315734863
Lenalidomide (CC-5013),19,0.3134310245513916
Deferasirox,28,0.34637588262557983
Rosuvastatin,33,0.4791208505630493
Enalapril,27,0.34714335203170776
Chlormezanone,17,0.46762654185295105
Amoxicillin,28,0.4610978066921234
Tetrandrine,46,0.3128913640975952
Deferoxamine Mesylate,44,0.5509253740310669
Pantoprazole Sodium Hydrate,28,0.6663148999214172
Colistin sulfate,87,0.5962918996810913
Diclazuril,26,0.4370672106742859
Orciprenaline sulfate,35,0.6030057668685913
Albamycinsodium,45,0.6589360237121582
Cianidanol,21,0.3148902952671051
Entecavir,20,0.3157682418823242
Cinoxacin,19,0.35117167234420776
Amsacrine,28,0.4834597110748291
Linagliptin,35,0.30369558930397034
Verapamil HCl,35,0.9539145827293396
Rivastigmine,18,0.3317837715148926
Ethamivan,16,0.31399640440940857
Sulfanilylurea,14,0.4696168005466461
Amcinonide,36,0.3509233593940735
Glutathione,20,0.40066108107566833
Betaxolol HCl,24,0.9577342867851257
Silibinin,35,0.31922829151153564
Cepazine,35,0.34508734941482544
Yohimbine HCl,28,0.9541177153587341
Actidione,20,0.31643974781036377
Diflorasone,29,0.3404281735420227
Bromisoval,11,0.7200615406036377
Risedronic Acid,17,0.5609389543533325
Euquinine,29,0.3550848662853241
Isradipine,27,0.3388439416885376
Menatetrenone,23,0.29969942569732666
Ginsenoside Rb1,77,0.34650564193725586
Stigmasterol,30,0.30802953243255615
Daidzin,30,0.3317703604698181
Scopolamine HBr,23,1.9352476596832275
Neohesperidin,43,0.33510708808898926
(+)-Catechin Hydrate,22,0.45192939043045044
Trigonelline HCl,11,0.9453182816505432
Chlorogenic Acid,25,0.35378068685531616
Andrographolide,25,0.3401695787906647
Osthole,18,0.3297450542449951
Dihydroartemisinin,20,0.33921682834625244
Cefadroxil,25,0.3537432551383972
Docetaxel,58,0.3469845652580261
Physostigmine Salicylate,30,0.3513501286506653
Mifepristone,32,0.30965808033943176
Dexamethasone (DHAP),28,0.33896374702453613
Minocycline HCl,35,0.9548059701919556
Bosutinib (SKI-606),36,0.4394506812095642
Nilotinib (AMN-107),39,0.3799120783805847
Pentamidine isethionate,39,0.540891706943512
Tropicamide,21,0.30609017610549927
Bumetanide,25,0.4800128936767578
Budesonide,31,0.3364540934562683
Estradiol,20,0.30826395750045776
Miltefosine,27,0.5175673961639404
Histamine,8,0.2600446343421936
Docetaxel trihydrate,61,0.45682379603385925
Digoxin,55,0.34282568097114563
Azasetron HCl,26,0.9613616466522217
Itopride HCl,28,0.9566890001296997
Tofacitinib (CP-690550) Citrate,36,0.359072744846344
Fusidine,37,0.3512018322944641
Tamsulosin HCl,30,0.964410662651062
Gefitinib (ZD1839),31,0.4276067614555359
Clofarabine,20,0.4304308295249939
Duloxetine HCl,23,0.9609499573707581
Gentamycin sulfate,101,0.5977870225906372
Rapamycin (Sirolimus),65,0.3399183750152588
Ritonavir,50,0.3543844223022461
Iloperidone,31,0.3135265111923218
Daptomycin,115,0.35732895135879517
Toremifene,29,0.4608516991138458
Benicar,41,0.3544576168060303
Zalcitabine,15,0.3205704391002655
Hydrocortisone,26,0.3391115069389343
Escitalopram,24,0.30693864822387695
Pioglitazone,25,0.38045352697372437
Blonanserin,27,0.3049205541610718
Hydroxy Camptothecine,27,0.33510324358940125
Topotecan HCl,33,0.9536375999450684
Temozolomide,14,0.308445006608963
Rimonabant HCl,32,0.9657257795333862
Raloxifene HCl,36,0.9554165601730347
Ivermectin,123,0.3306006193161011
Mirtazapine,20,0.2685199975967407
Pramiracetam,24,0.605583906173706
Pramipexole,14,0.3453011214733124
Estradiol valerate,26,0.33369314670562744
Quetiapin,27,0.3313010632991791
Urapidil,28,0.30798211693763733
Azelastine,29,0.9568374156951904
Seratrodast,26,0.35394608974456787
Prednisone,26,0.3391115069389343
Drospirenone,27,0.3309488296508789
Milnacipran HCl,20,0.9565050601959229
Molsidomine,17,0.3266187906265259
Nadifloxacin,26,0.35127511620521545
Escin,158,0.3657721281051636
Bacitracin,101,0.3794405460357666
Axitinib,28,0.32785990834236145
Cephalonium,31,0.3516924977302551
Mitoxantrone HCl,36,0.9625353217124939
Polymyxin B sulfate,82,0.5964712500572205
Losartan potassium,31,0.43940120935440063
Flurbiprofen,18,0.3471878170967102
Melphalan,19,0.4774355888366699
Panobinostat (LBH589),26,0.33268192410469055
Pizotifen Malate,30,0.3666767477989197
Trilostane,24,0.31284773349761963
Eburnalritardo,22,0.2935812771320343
(+)-Camptothecin,26,0.33355340361595154
L-Thyroxine,24,1.125870943069458
Fasudil (HA-1077) HCl,22,0.9646934866905212
Ticarcillin disodium,27,0.6626275777816772
Ticagrelor,36,0.3537710905075073
Nebivolol HCl,31,0.9562516212463379
Lobeline HCl,27,0.9535512924194336
Rocuronium bromide,39,1.9669585227966309
Aliskiren hemifumarate,86,0.35586661100387573
Mupirocin,35,0.3597826361656189
Aquacrine,20,0.30826395750045776
Sisomicin Sulfate,36,0.6045075058937073
LDK378(Ceritinib),38,0.448975145816803
Lovastatin,29,0.33824968338012695
Dirithromycin,58,0.3377949595451355
Azithromycin dihydrate,54,0.45573872327804565
Bicalutamide,29,0.4592069089412689
Reserpine,44,0.3394858241081238
Paromomycin Sulfate,47,0.6061143279075623
Diltiazem HCl,31,0.958707869052887
Orbifloxacin,28,0.35145774483680725
Sodium cromoglycate,36,0.6600914597511292
Nialamide,22,0.3021027743816376
Fludrocortisone acetate,30,0.35074901580810547
Erythromycin,51,0.3354419767856598
Tacrolimus (FK506),58,0.4532660245895386
Tobramycin,32,0.32862353324890137
Methacycline HCl,34,0.95651775598526
Nonivamide,21,0.31017959117889404
Thymopentin,48,0.35367321968078613
D-Pantethine,36,0.46026909351348877
Kanamycin sulfate,38,0.6077402830123901
Beta-Carotene,40,0.2829253077507019
Cytisine,14,0.2976685166358948
Entacapone,22,0.35704731941223145
Argatroban,35,0.45204293727874756
Apramycin sulfate,42,0.605440616607666
Zinc bacitracin,101,0.3794405460357666
Mitiglinide calcium,24,0.44852226972579956
Progesterone,23,0.315701961517334
Cetirizine 2HCl,31,0.9693580269813538
Ethisterone,23,0.3113499581813812
Oxfendazole,22,0.4011264741420746
Cefmenoxime HCl,68,0.9598522782325745
Loteprednol etabonate,32,0.5103311538696289
Enoxolone,34,0.3480970859527588
Combinal E,34,0.339504212141037
Dronedarone HCl,41,0.9576175212860107
Otilonium bromide,36,1.9555256366729736
Fesoterodine fumarate,38,0.35078150033950806
Fluticasone propionate,34,0.415778785943985
Betamethasone dipropionate,36,0.3460451662540436
Dypyridamole,36,0.3100522458553314
Erythromycin ethylsuccinate,60,0.3421248197555542
Itraconazole,49,0.4351145625114441
Chlorophyllin,48,0.6676326990127563
Trospium chloride,30,0.9271326661109924
Doxifluridine,17,0.3237212300300598
Vitamin D2,29,0.3095129430294037
Edoxaban Tosylate Monohydrate,49,0.5233801007270813
8-Methoxypsoralen,16,0.33030056953430176
Aztreonam,28,0.5283389091491699
Diacerein,27,0.3470264673233032
Valdecoxib,22,0.477892130613327
Paragyline,12,0.2733277976512909
Minaprine 2HCl,26,0.9643752574920654
Palonosetron HCl,24,0.9526813626289368
Olopatadine HCl,27,0.9558179378509521
Tiotropium bromide,26,0.36879977583885193
Nilvadipine,28,0.3591378331184387
Levocetirizine,27,0.423850953578949
Prednisolone,26,0.3391115069389343
Lomefloxacin HCl,27,0.9564395546913147
Cortisone acetate,29,0.35052618384361267
Glimepiride,34,0.45838290452957153
Nilutamide,22,0.3865243196487427
Canrenone,25,0.3322090804576874
Estradiol benzoate,28,0.3277271091938019
Candesartan,33,0.3411385118961334
Teniposide,46,0.3501337766647339
Phenformin HCl,17,0.9572263360023499
Calcium folinate,35,1.0170822143554688
Amlodipine Besylate,38,0.5258643627166748
Probucol,35,0.40710729360580444
Azilsartan kaMedoxoMil,43,0.37999427318573
Metoprolol tartrate,48,0.36572179198265076
Acetrizoic acid,16,1.191999912261963
Piperacillin sodium salt,37,0.6587994694709778
Nicardipine HCl,37,0.9549513459205627
Cefoperazone sodium,45,0.6606464385986328
Fexofenadine HCl,39,0.9512215256690979
Darifenacin HBr,34,1.99354887008667
Telmisartan,39,0.3445795178413391
Cefotiam HCl,38,0.9690564274787903
Estriol,21,0.31736063957214355
"Vemurafenib (PLX4032, RG7204)",33,0.46918511390686035
Candesartan Cilexetil,45,0.3564188778400421
Nabumetone,17,0.3151618242263794
Tazobactam acid,20,0.4398088753223419
Cytarabine,17,0.3334228992462158
TAK-438(Vonoprazan fumarate),32,0.44529199600219727
Diciofenac,19,0.43757879734039307
Tripelennamine HCl,21,0.9533041715621948
Pemirolast potassium,18,0.3236888647079468
Doxofylline,19,0.316914439201355
Nevirapine,20,0.29842349886894226
Mizoribine,18,0.32795238494873047
Azathioprine,19,0.35814711451530457
Ramelteon,19,0.31006914377212524
Tretinoin,22,0.3529520630836487
Azilsartan,34,0.34278491139411926
Bortezomib (PS-341),28,0.34511345624923706
Trichlormethiazide,20,0.625298023223877
Cefdinir,26,0.3650583326816559
Brinzolamide,23,0.5134307146072388
Bisoprolol fumarate,54,0.3554723560810089
Clemastine fumarate,32,0.427179753780365
Roxatidine Acetate HCl,27,0.9572592377662659
Oxaliplatin,15,0.38666272163391113
Clopidogrel,21,0.42266637086868286
Pemetrexed acid,31,0.35472244024276733
Sumatriptan succinate,28,0.4699849486351013
Prednisolone phosphate sodium,32,0.6777050495147705
Bipariden,23,0.29581165313720703
Proparacaine HCl,22,0.9334692358970642
Meropenem,26,0.3556467294692993
Prasugrel,26,0.3576943278312683
Mycophenolate mofetil,31,0.3399029076099396
Clomipramine HCl,24,0.9591878056526184
Dimenhydrinate,33,0.4211243987083435
Lactitol monohydrate,24,0.44255614280700684
Buflomedil HCl,23,0.9303637146949768
Prednisolone-21-acetate,29,0.35052618384361267
Ticlopidine HCl,19,0.9711334109306335
Thioridazine HCl,27,0.9606271386146545
Clofazimine,33,0.4233096241950989
Oxybuprocaine HCl,24,0.9576870799064636
Linezolid,24,0.3272898495197296
Timolol Maleate,29,0.3774282932281494
Abbolactone,29,0.39483705163002014
Sertraline HCl,22,0.9695302844047546
Sotalol HCl,20,0.9710462093353271
Deracoxib,27,0.47976458072662354
Deflazacort,32,0.3502877354621887
Finasteride,27,0.30967092514038086
Benzthiazide,26,0.5044038891792297
Clidinium bromide,27,1.9458024501800537
Acetohexamide,22,0.4596318006515503
Triamcinolone acetonide,31,0.3373720645904541
Dexamethason acetate,31,0.35051000118255615
Propantheline bromide,28,1.9463555812835693
R-(+)-Lansoprazole,25,0.41439661383628845
Betamethasone 17-valerate,34,0.3379138708114624
Cyproterone acetate,29,0.42017489671707153
Methylprednisolone,27,0.3389570713043213
Tropisetron HCl,23,0.9555191397666931
Bromopride,24,0.9889342784881592
Sulfaquinoxaline,21,0.45400312542915344
Flunixin meglumin,34,0.3913164734840393
Acetylcholine chloride,11,0.9455575346946716
Trifluoperazine 2HCl,32,0.9657518267631531
Triethylenethiophosphoramide,11,0.43374720215797424
Phosphoserine,11,0.5841336250305176
Aceclofenac,23,0.43767884373664856
Acemetacin,29,0.4311082661151886
Lornoxicam,23,0.5116056203842163
Cyclobenzaprine HCl,23,0.9528067111968994
Valganciclovir HCl,27,0.9574875831604004
Pirenzepine HCl,30,0.9610764384269714
Naftifine HCl,24,0.9523299932479858
Rebamipide,26,0.42422908544540405
Aripiprazole,30,0.46489277482032776
Nizatidine,21,0.3716714680194855
Metolazone,24,0.4957607388496399
Tenoxicam,22,0.4567145109176636
Irbesartan,32,0.29267722368240356
Enrofloxacin,26,0.34577834606170654
Trazodone HCl,28,0.956605076789856
Neostigmine bromide,17,1.9287312030792236
Famotidine,20,0.5034111142158508
Nafamostat mesylate,36,0.5588675141334534
Cinacalcet HCl,28,0.9548377394676208
Camostat mesilate,34,0.5542380213737488
Xylometazoline HCl,20,0.9540861248970032
Pranoprofen,19,0.34507134556770325
Tiletamine HCl,17,0.9674407839775085
Betahistine 2HCl,14,0.9835370182991028
Trimethadione,10,0.3320562243461609
Methylthiouracil,9,0.39321258664131165
Ipriflavone (Osteofix),21,0.30292201042175293
Indoprofen,21,0.34471428394317627
Anastrozole,22,0.2852826416492462
Zileuton,16,0.3357464373111725
Flutamide,19,0.3848531246185303
Dithiopropanol,6,0.45334818959236145
Iproniazid Phosphate,18,0.6095172166824341
Fenbufen,19,0.3495290279388428
Levamisole HCl,16,0.9662007689476013
Mepivacaine HCl,20,0.9562305808067322
Floxuridine,17,0.31004858016967773
Baclofen,14,0.4320552349090576
Anthralin,17,0.3072968125343323
Salbutamol,17,0.31385383009910583
Leflunomide,19,0.38279491662979126
Sodium etidronate,13,0.6948770880699158
Diethylstilbestrol,20,0.30563458800315857
Erdosteine,15,0.38180267810821533
Artemether,21,0.3390072286128998
Carprofen,19,0.4252900779247284
Ethynyl estradiol,22,0.31027159094810486
Norethindrone,22,0.31027156114578247
Deferidone,10,0.32099100947380066
Desvenlafaxine,19,0.3066718280315399
Terbutaline Sulfate,37,0.6034561991691589
Exemestane,22,0.30958521366119385
Cyclocytidine HCl,18,0.9641599059104919
Sulbactam,15,0.4404831528663635
Misoprostol,27,0.33762967586517334
Ramatroban,29,0.4545649588108063
Pixantrone dimaleate,40,0.3560880422592163
Dapagliflozin,28,0.419424831867218
Ipragliflozin,28,0.33586645126342773
Glipizide,31,0.4570190906524658
Nateglinide,23,0.3441225290298462
Revaprazan HCl,29,0.950172483921051
Oxacillin sodium,29,0.6588963270187378
Ezetimibe,30,0.3070397973060608
Tiagabine,25,0.3538753390312195
Oxybutynin HCl,28,0.9549013376235962
Fluvoxamine maleate,30,0.38840410113334656
Bromfenac sodiu,45,0.7176944613456726
Luliconazole,21,0.4543154537677765
Carbenoxolone disodium,43,0.664596676826477
Penfluridol,36,0.4228927195072174
Ceftriaxone sodium,83,0.6717640161514282
Tigecycline,42,0.3251138925552368
Vecuronium bromide,41,1.9696693420410156
Efavirenz ,21,0.4277394115924835
Lenvatinib (E7080),30,0.4180920422077179
Nedaplatin,8,0.33914169669151306
Letrozole,22,0.2677370309829712
Vortioxetine,21,0.3296021819114685
Amlexanox,22,0.349765807390213
Pitavastatin calcium,63,1.0134634971618652
Milrinone,16,0.3043420910835266
"Vorinostat (SAHA, MK0683)",19,0.32890206575393677
Pomalidomide,20,0.31575673818588257
Glycopyrrolate,24,1.9353437423706055
Chloroambucil,19,0.4772317409515381
Desipramine HCl,22,0.9530968070030212
Ketotifen fumarate,30,0.36084577441215515
Ethynodiol diacetate,28,0.3459622859954834
Triprolidine HCl,24,0.9552628993988037
Risedronate Sodium,40,0.6922733783721924
Granisetron HCl,25,0.9518758654594421
Epinephrine bitartrate,23,0.3695734441280365
Prazosin HCl,30,0.9544360041618347
Ketanserin,29,0.30766379833221436
Repaglinide,33,0.34557637572288513
Perphenazine,27,0.42260104417800903
Chlortalidone,22,0.49523302912712097
Adapalene,31,0.3444453477859497
Tolnaftate,22,0.39687594771385193
Sparfloxacin,28,0.34977129101753235
Loratadine,27,0.42068344354629517
Denatonium benzoate,33,0.34337317943573
Formestane,22,0.3213621973991394
Sarafloxacin HCl,30,0.9550665616989136
Cefuroxime sodium,30,0.6562361121177673
Lincomycin HCl monohydrate,30,0.9651493430137634
Olsalazine disodium,24,0.6644934415817261
Olanzapine,22,0.33967137336730957
Amoxapine,22,0.41923046112060547
Chlormadinone acetate,28,0.42048344016075134
Isotretinoin,22,0.3529520630836487
N-Acetylneuraminic acid,21,0.35285037755966187
Ciprofloxacin,24,0.3461037874221802
Cevimeline HCl hemihydrate,31,0.9727041721343994
D-Cycloserine,7,0.32402127981185913
Artemisinin,20,0.33921682834625244
Mecamylamine HCl ,14,0.9606038331985474
Anagrelide,16,0.47454261779785156
Pirfenidone,14,0.3013494610786438
Tauroursodeoxycholic Acid,34,0.5308131575584412
Ibandronate sodium,20,0.6909040808677673
"Fluorouracil (5-Fluoracil, 5-FU)",9,0.30731943249702454
Fluorocytosine,9,0.31109151244163513
Etodolac,21,0.3519476652145386
Lupetidin,8,0.2727915048599243
Mexiletine HCl,15,0.9630743265151978
Ifosfamide,14,0.49582138657569885
Isoprenaline HCl,17,0.9640037417411804
Flumequine,19,0.3524318039417267
Etomidate,18,0.3312098979949951
Zolmitriptan,21,0.3304257392883301
Aminoglutethimide,17,0.31105273962020874
Imazalil,19,0.443642258644104
Ciclopirox ethanolamine,19,0.32482433319091797
Oxolinic acid,19,0.35130345821380615
Naproxen,17,0.3485773205757141
Acetohydroxamic acid,5,0.3309532403945923
Metaxalone,16,0.33683788776397705
Dihydrostreptomycin sulfate,95,0.6074082255363464
Parthenolide,18,0.32711923122406006
Doxorubicin (Adriamycin),41,0.9570232033729553
D-Biotin,16,0.35128477215766907
Lercanidipine,47,0.951688289642334
Entacapone,22,0.35704731941223145
Diammonium Glycyrrhizinate,60,0.3676759600639343
"Tegafur (FT-207, NSC 148958)",14,0.31146425008773804
Milbemycin oxime,79,0.3319378197193146
Amfenac Sodium Monohydrate,21,0.6651005148887634
Amiloride HCl,17,0.9678065180778503
Tranilast,24,0.3455336093902588
Tirofiban HCl monohydrate,33,0.9639760851860046
Valethamate bromide,23,1.935575008392334
Citicoline sodium,32,0.6791126728057861
Hydralazine HCl,14,0.960851788520813
17-Methyltestosterone,22,0.3131735622882843
Alogliptin Benzoate,34,0.3458481431007385
Etravirine (TMC125),28,0.6943674683570862
Nandrolone decanoate,31,0.33315321803092957
L-5-Hydroxytryptophan,16,0.3479064702987671
Tianeptine sodium,30,0.6671705842018127
Ecabet Sodium,27,0.6720531582832336
Oxiracetam,11,0.30561649799346924
Levamlodipine,38,0.5258643627166748
Eprosartan Mesylate,35,0.5570495128631592
Doramectin,64,0.33006152510643005
Prucalopride,25,0.41713234782218933
Etofibrate,27,0.9651328921318054
Benactyzine HCl,26,0.9559432864189148
Cilastatin,25,0.6688326001167297
Alizapride HCl,25,0.9542250037193298
Fluoxymesterone,24,0.31675973534584045
Zanamivir,23,0.357125848531723
Alosetron HCl,24,0.9521684646606445
Etonogestrel,24,0.30866825580596924
Perindopril erbumine,31,0.34527894854545593
Allylestrenol,22,0.3052412271499634
Levodropropizine,17,0.3229699730873108
Bendazol,18,0.955743134021759
Nifuratel,19,0.4056034982204437
Scopolamine N-oxide HBr,25,1.9682588577270508
Guanethidine Monosulfate,19,0.6048870086669922
Tapentadol HCl,17,0.9397584199905396
Lacosamide,18,0.3130981922149658
Levomilnacipran,18,0.29609215259552
Rebeprazole sodium,26,0.6638487577438354
"17-Beta-Estradiol-3,17-Dipropionate",28,0.3395374119281769
O-Acetyl-L-carnitine HCl,16,0.9694148898124695
Rufinamide,17,0.30967703461647034
Didanosine ,17,0.31427183747291565
Eflornithine HCl Monohydrate,15,0.9750092625617981
Adrenosterone,22,0.31226682662963867
Artamine,9,0.3934084177017212
Brivudine,19,0.8199108242988586
Acitretin,24,0.354337215423584
Succimer,10,0.41968443989753723
2'-Deoxyuridine,16,0.3163292109966278
Ibudilast,17,0.29907462000846863
Tolmetin,20,0.6623086929321289
Dorzolamide HCl,21,0.9860422611236572
Doxapram HCl,31,0.9544760584831238
Naloxone HCl,26,0.9560800790786743
Esomeprazole Magnesium,49,0.4233231246471405
Bendamustine HCl,25,0.9697523713111877
2'-Deoxy-L-thymidine,17,0.3266649842262268
Edoxaban,48,0.5210622549057007
Varenicline Tartrate,26,0.36353766918182373
Esomeprazole Sodium,25,0.664364755153656
6-Methoxy-2-naphthoic acid,15,0.3430226445198059
Adenosine disodium triphosphate ,31,0.6104419231414795
Montelukast sodium,42,0.6592851877212524
Vortioxetine (Lu AA21004) HBr,22,1.9310095310211182
Cytidine,17,0.3334228992462158
Ethaverine HCl,31,0.9552740454673767
Dehydroepiandrosterone,21,0.31000155210494995
Tacrine HCl hydrate,17,0.9412001371383667
2-Aminobenzenesulfonamide,11,0.48983415961265564
6-Mercaptopurine monohydrate,11,0.45615503191947937
Ftaxilide,20,0.347780704498291
Scopolamine butylbromide,27,1.9435641765594482
Norgestrel,23,0.30539095401763916
Arbidol HCl,32,0.9753446578979492
Nitrendipin,26,0.35979342460632324
Clopidogrel sulfate,26,0.6144720315933228
Pemetrexed disodium,33,0.6622105240821838
Ropivacaine,20,0.30032461881637573
Fluoxetine hydrochloride,24,0.9592876434326172
Adenosine 5'-monophosphate monohydrate,24,0.5682498216629028
Oxybutynin,26,0.3302209675312042
L(-)-Glutathione,40,0.458027720451355
"Sodium [(2,3-dihydro-1,5-dimethyl-3-oxo-2-phenyl-1H-pyrazol-4-yl)methylamino]methanesulfonate",22,0.672737181186676
Mylosar,17,0.33229929208755493
Buspirone HCl,30,0.9509336352348328
Vancomycin HCl,102,0.9361938834190369
Ifenprodil Tartrate,58,0.36190199851989746
Amiloride hydrochloride dihydrate,19,0.9721655249595642
Losartan,30,0.41720855236053467
Sunitinib,29,0.3102031946182251
Nalidixic acid sodium salt,18,0.6609072685241699
DL-Penicillamine,9,0.3934084177017212
Cefaclor monohydrate,25,0.4739546477794647
Carbidopa Hydrate,17,0.45593586564064026
Ciclesonide(RPR251526),39,0.3402407169342041
Fulvestrant,41,0.4272693395614624
Indacaterol,29,0.30402541160583496
Guanfacine HCl,17,0.9794325232505798
Meclizine 2HCl,32,0.9640186429023743
Altrenogest,23,0.3096352219581604
Pazopanib,31,0.47389498353004456
Clorsulon,20,0.6863455772399902
Desonide,30,0.3363034427165985
Vitamin A,21,0.31481045484542847
Sodium ceftiofur,35,0.6573694944381714
Merbromin,31,0.7237401604652405
Pimobendan,25,0.3108336925506592
Vinpocetine,26,0.32264313101768494
Trimebutine,28,0.3311057686805725
Pipemidic acid,22,0.34489279985427856
Azelnidipine,43,0.3550858497619629
Sildenafil citrate,46,0.4479806125164032
Arbutin,19,0.32715803384780884
Pyrantel tartrate,24,0.3746817708015442
Orphenadrine HCl,22,0.955560564994812
Cyproheptadine HCl,51,0.956004798412323
Dromostat,36,0.35903793573379517
Nitroxoline,14,0.35063087940216064
Bifonazole,24,0.262347549200058
Triamcinolone,28,0.34264257550239563
Acipimox,11,0.35254520177841187
Ethinamide,11,0.38539451360702515
Thalidomide,19,0.30776461958885193
Pidotimod,16,0.36315760016441345
Methyldopa,15,0.3490303158760071
Topiramate,22,0.5198248624801636
Protionamide,12,0.3840174078941345
ALA HCl,11,0.9788524508476257
(S)-(+)-Ketoprofen,19,0.3449564278125763
Propitocaine HCl,18,0.9585227370262146
Rifapentine,63,0.3411927819252014
Trimetazidine 2HCl,23,0.9721470475196838
Bupivacaine HCl,23,0.9540621638298035
Quinidine HCl,27,0.9563847184181213
Carbazochrome sodium sulfonate,21,0.6719746589660645
Aminopar,11,0.3557319641113281
Lacidipine,33,0.3380099833011627
Strontium ranelate,25,0.39011067152023315
Tizanidine HCl,18,0.9717656373977661
Etidronate,11,0.5567657947540283
Iopamidol,31,1.0746433734893799
Levetiracetam,12,0.3135488033294678
Ropivacaine HCl,22,0.9546511173248291
Dehydroepiandrosterone acetate,24,0.3451724350452423
Nefopam HCl,21,0.9560084342956543
Procaine HCl,19,0.9599516987800598
Pyrazinamide,9,0.3048827648162842
Triflusal,17,0.38714665174484253
Enoxacin Sesquihydrate,24,0.44969114661216736
Sulfaquinoxaline sodium,22,0.664363443851471
Metoclopramide HCl,22,0.9644340872764587
Chlorpromazine HCl,23,0.9653672575950623
Ataractan,22,0.9546839594841003
Meclofenoxate HCl,19,0.9717883467674255
Clindamycin phosphate,31,0.5721926093101501
Ambroxol,18,0.7482159733772278
Dopamine HCl,13,0.9694764614105225
Ampicillin Trihydrate ,27,0.4605019986629486
Cefpiramide acid,43,0.6627911329269409
Mebeverine HCl,33,0.9560738205909729
Loperamide HCl,36,0.9547448754310608
Alverine citrate,34,0.3546638786792755
Mepenzolate Bromide,26,1.9408564567565918
Proglumide,24,0.3489190340042114
Doxylamine succinate,28,0.3537832200527191
Rofecoxib,22,0.4767161011695862
Thioctic acid,12,0.4634660482406616
Nisoldipine,28,0.3582381308078766
L(-)-Carnitine,11,0.3566659092903137
Chloroquine diphosphate,32,0.6183899641036987
Folinic Acid Calcium Salt Pentahydrate ,40,1.0173437595367432
Artesunate,27,0.3610798120498657
Thimerosal,14,0.6668182611465454
TOLFENAMIC ACID,18,0.4235619902610779
Zonisamide,14,0.49411827325820923
Aloin,30,0.33385345339775085
Decoquinate,30,0.332507461309433
Venlafaxine HCl,22,0.9572705626487732
Norfloxacin,23,0.34667274355888367
Amlodipine,28,0.42406919598579407
Procaine,17,0.32822251319885254
Gallamine triethiodide,39,3.0400023460388184
L-Tryptophan,15,0.3454694449901581
Tenofovir,19,0.5439813137054443
Sulfalen,19,0.45788484811782837
Quinacrine 2HCl,32,0.9653217792510986
Ethopabate,17,0.3388494849205017
Iopanoic acid,17,1.1857950687408447
Pravastatin sodium,31,0.662362813949585
Warfarin,23,0.32275474071502686
Tolbutamide,18,0.4643878638744354
Xylocaine,17,0.30457401275634766
Nalidixic acid,17,0.3495900630950928
Hesperidin,43,0.33498913049697876
Tryptamine,12,0.2637801170349121
Luteolin,21,0.31456121802330017
Sildenafil,33,0.4438314139842987
Propranolol HCl,21,0.95815509557724
nafcillin sodium,31,0.6616429090499878
Nystatin (Fungicidin),65,0.35571637749671936
Noscapine HCl,31,0.9344648718833923
Isoxsuprine HCl,24,0.9570603966712952
Carvedilol phosphate,71,0.6049550771713257
Flunarizine 2HCl,34,0.9594067931175232
Oxethazaine,34,0.3144509792327881
Brompheniramine hydrogen maleate,27,0.6998156905174255
Spectinomycin HCl,27,0.9715221524238586
Epalrestat,21,0.450429230928421
Trimipramine maleate,30,0.3533518314361572
Flavoxate HCl,31,0.9543822407722473
Tamoxifen citrate,41,0.3562506437301636
BenfluoreX HCl,27,0.9586911797523499
Cefepime HCl,36,0.9694048762321472
Quinapril HCl,34,0.9544931650161743
Clioquinol,13,1.0537091493606567
Lidocaine HCl,19,0.9573399424552917
Niflumic acid,20,0.3840869665145874
Magnolol,20,0.2980581223964691
Honokiol,20,0.29938805103302
Piperine,21,0.3085276484489441
Puerarin (Kakonein),30,0.3288037180900574
Synephrine,12,0.30685049295425415
Chondroitine sulfate,30,0.5628000497817993
Proanthocyanidins,43,0.31829917430877686
Glycyrrhetinic acid(Enoxolone),34,0.34424489736557007
Eucalyptol,11,0.29628658294677734
Emodin,20,0.3156479001045227
p-Coumaric acid,12,0.3492808938026428
Nimodipine,30,0.3602225184440613
Atomoxetine HCl,21,0.9564475417137146
Glyburide,33,0.4618164896965027
Nifuroxazide,20,0.3546806573867798
Pizotifen,21,0.3417806923389435
Dextromethorphan HBr monohydrate,23,1.9722790718078613
Nifedipine,25,0.3594241142272949
Lithium citrate tribasic tetrahydrate,20,0.48940524458885193
Captopril,14,0.4039759933948517
Secnidazole,13,0.35632187128067017
Glycerite,122,0.3219718337059021
Ciprofloxacin HCl,26,0.9559929966926575
Propafenone,27,0.9557115435600281
Depofemin,29,0.3321101665496826
Racecadotril,27,0.3918694853782654
Dapoxetine HCl,25,0.9534786343574524
Furosemide,21,0.49971485137939453
Diphenhydramine HCl,21,0.9562891125679016
Rosiglitazone,25,0.38428735733032227
Spiramycin,59,0.34139034152030945
Labetalol HCl,26,0.9557835459709167
Amprolium,19,0.930048942565918
Papaverine HCl,27,0.9578378200531006
Chlorpheniramine maleate,27,0.42515790462493896
Berberine HCl,26,0.9324224591255188
Felodipine,25,0.47561484575271606
Sulfadoxine,21,0.4588824510574341
Iodixanol,62,1.0765197277069092
Flavin mononucleotide,32,0.6713622212409973
Antrapurol,18,0.30328601598739624
Chenodeoxycholic acid,28,0.35689160227775574
Rutin,43,0.3346615135669708
Simvastatin,30,0.33809229731559753
Theophylline,13,0.30609583854675293
Pyridoxine,12,0.31422334909439087
Iodipamide,34,1.1868376731872559
Testosterone,21,0.31000155210494995
Rifaximin,57,0.3442019820213318
Adenosine,19,0.32977205514907837
Vitamin K1,33,0.29873955249786377
Levodopa,14,0.350747287273407
Menadione,13,0.30269718170166016
Ultraviolet Absorbent UV-360,49,0.29949694871902466
Inosine,19,0.32697153091430664
SALICOSIDE,20,0.3355081379413605
Erythrosine,31,1.1042945384979248
Roxithromycin,58,0.33990776538848877
Iohexol,34,1.0703935623168945
Ursodeoxycholic acid,28,0.35689160227775574
Hydroxyprogesterone,24,0.3236667513847351
Gliclazide,22,0.46018195152282715
Cephradine,26,0.4585345983505249
Sodium salicylate,11,0.6668819189071655
Pregabalin,11,0.35391977429389954
Amisulpride,25,0.456440806388855
Lomefloxacin,25,0.3505740761756897
Bezafibrate,25,0.42483431100845337
Hydroxychloroquine sulfate,28,0.6091204881668091
Haloperidol,26,0.4219222664833069
D-Sorbitol,12,0.3230605125427246
Mestranol,23,0.311777263879776
Griseofulvin,24,0.4328362047672272
Proflavine Hemisulfate,37,0.5937104225158691
Ceftazidime,37,0.3601219058036804
Abamectin,123,0.3306006193161011
Mebendazole,22,0.33856186270713806
Meptazinol HCl,19,0.9577088952064514
Sulfogaiacol,14,0.5581004619598389
Diflunisal,18,0.3489621877670288
Choline chloride,8,0.9508858323097229
Gemfibrozil,18,0.3488259017467499
Imiquimod,18,0.27820271253585815
Miglitol,14,0.31848934292793274
Asenapine Maleate,28,0.42696699500083923
DL-Glutamine,10,0.35088175535202026
Adiphenine HCl,25,0.9554165005683899
Vagistat,23,0.5114233493804932
Amorolfine HCl,25,0.9531254768371582
Undecenoic acid,13,0.3502034842967987
Blutene chloride,20,0.9356604218482971
Antascarin,14,0.30792731046676636
Hexetidine,24,0.2834970951080322
Moxifloxacin HCl,31,0.9546913504600525
Phenol Red,25,0.47380685806274414
Amodiaquin dihydrochloride dihydrate,31,0.9705168604850769
Benzethonium chloride,31,0.930346667766571
Idebenone,24,0.3222712278366089
Sulfinpyrazone,29,0.4075865149497986
Acexamic Acid,13,0.6627985835075378
Carvedilol,30,0.32000279426574707
Fluoxetine,22,0.3802258372306824
Clozapine,23,0.418170303106308
Indometacin,25,0.4296236038208008
Sulindac,25,0.4431876540184021
Pramoxine HCl,23,0.9584271907806396
Carbetapentane citrate,37,0.3584005832672119
Celecoxib,26,0.4807318449020386
Enoxacin,23,0.346536248922348
Benzydamine HCl,25,0.9528813362121582
Febuxostat,22,0.37126708030700684
Butylated hydroxyanisole,13,0.3112713098526001
Lactulose,23,0.3362877368927002
Dicumarol,25,0.32438698410987854
Cyromazine,12,0.27258214354515076
Primaquine diphosphate,29,0.6176114082336426
Noctone,23,0.964101254940033
Noradrenaline bitartrate,23,0.4588835537433624
Cefazolin sodium salt,30,0.6630091667175293
Cloxacillin sodium,31,0.6653933525085449
Phenoxybenzamine HCl,23,0.9633621573448181
Tetracaine HCl,21,0.9581829905509949
Sulpiride,23,0.47982239723205566
Chloramphenicol,20,0.6188642382621765
Propylthiouracil,11,0.3856376111507416
Fluconazole,22,0.3050151467323303
Sucralose,23,0.476643830537796
Capecitabine,25,0.3355380594730377
Torasemide,24,0.45788517594337463
Terbinafine HCl,24,0.9523643851280212
Loxapine succinate salt,31,0.42430585622787476
Mesna,8,0.6524679064750671
Betamipron,14,0.34900909662246704
Phenylbutazone,23,0.2941780686378479
4-Aminohippuric Acid,14,0.35508549213409424
Ethacridine lactate monohydrate,26,0.4533291161060333
Bambuterol HCl,28,0.9571288228034973
Levofloxacin HCL,53,0.45035332441329956
Dicyclomine HCl,24,0.9559764862060547
Doxepin HCl,23,0.9546659588813782
Thiamphenicol,21,0.6249411702156067
Diclofenac sodium,20,0.672319233417511
Adenine,10,0.2662598490715027
Vitamin D3,28,0.3096674680709839
Pranlukast,36,0.30690133571624756
Primidone,16,0.3054419159889221
Halazone,15,0.7134280800819397
Pentoxifylline,20,0.32081112265586853
Thioproline,8,0.3398618996143341
Meticrane,17,0.49733924865722656
Tyloxapol,20,0.34830790758132935
Dimethyl sulfoxide,4,0.4341742992401123
Crotamiton,15,0.30601292848587036
Oxcarbazepine,19,0.3097091317176819
Naphazoline HCl,18,0.955934464931488
Dexibuprofen,15,0.34649476408958435
Dropropizine,17,0.3229699730873108
Phenylephrine HCl,14,0.9671735167503357
Cinchophen,19,0.34206750988960266
Probenecid,19,0.45053625106811523
Loxoprofen,18,0.34569910168647766
Rifampicin,59,0.34350353479385376
Ethosuximide,10,0.3146352171897888
Mestinon,14,1.9373424053192139
Acetazolamide,13,0.5105593204498291
Thioctamide,12,0.4613383710384369
Ketoprofen,19,0.3449564278125763
Methimazole,7,0.3799457550048828
Ademine,19,0.27471333742141724
Sulfamethoxypyridazine,19,0.45862048864364624
Pyrimethamine,17,0.4241628050804138
Lindane,12,0.4757167100906372
Flufenamic acid,20,0.3849849998950958
Bufexamac,16,0.33088773488998413
Adrenalone HCl,15,0.9676385521888733
Isoniazid,10,0.3048139810562134
Fenbendazole,21,0.3454382121562958
Albendazole,18,0.35306915640830994
Trimethoprim,21,0.3150410056114197
Propionyl-L-carnitine HCl,16,0.9415915608406067
Phenazopyridine HCl,18,0.9551965594291687
Methocarbamol,17,0.34619230031967163
Pentetrazol,10,0.261184424161911
Clarithromycin,52,0.335518479347229
Hydrochlorothiazide,17,0.5078601837158203
Aciclovir,16,0.3300544321537018
Ornidazole,14,0.4835444986820221
Picolamine,8,0.2655671536922455
Famciclovir,23,0.3442520499229431
Amstat,11,0.34667661786079407
Ramipril,30,0.3451094925403595
Orlistat,35,0.32738739252090454
Lisinopril,31,0.45228108763694763
Fenofibrate,25,0.4230976402759552
Anovigam,12,0.31331273913383484
Ketoconazole,36,0.4374998211860657
Pimaricin,47,0.3537622094154358
Chlorhexidine HCl,38,0.9640854001045227
Cefditoren pivoxil,41,0.3604879677295685
Riluzole,15,0.41285428404808044
Lamivudine,15,0.386091947555542
Risperidal,30,0.31145408749580383
Lansoprazole,25,0.41439664363861084
Amitriptyline HCl,23,0.9528067111968994
Retinyl acetate,24,0.3454996943473816
D-Phenylalanine,12,0.3461497724056244
Sulisobenzone,22,0.6696763038635254
Avobenzone,23,0.3109757900238037
Naftopidil 2HCl,29,0.31411612033843994
Suloctidil,25,0.9591198563575745
Carbaglu,13,0.3483044505119324
Omeprazole,24,0.41129598021507263
Meloxicam,23,0.4503847062587738
Niapyrin,23,0.30432388186454773
Cephalexin,27,0.9637541174888611
Sulfadimethoxine,21,0.4593878388404846
Metronidazole,12,0.3571532964706421
2-Pyridinealdoxime methochloride,11,0.9441383481025696
Mechlorethamine HCl,10,1.008232593536377
Praziquantel,23,0.29764556884765625
Hydroxyurea,5,0.3304058611392975
Chlorothiazide,17,0.5078601837158203
Lamotrigine,16,0.4744710326194763
Ribavirin,17,0.3273380398750305
Ganciclovir,18,0.3356809616088867
Allopurinol,10,0.2958792746067047
Aspartame,21,0.3557494580745697
Cyasorb,18,0.30740153789520264
Sulfamonomethoxine,19,0.45844703912734985
Gabapentin,12,0.35067442059516907
Cyclophosphamide monohydrate,15,0.49301981925964355
Oxaprozin,22,0.3465995788574219
Sulfisoxazole,18,0.46148738265037537
Carisoprodol,18,0.3504886031150818
2-Aminoethanethiol,4,0.4195142984390259
Bupropion HCl,18,0.9679937958717346
Stavudine,16,0.32162585854530334
Zidovudine,19,0.320608913898468
Penciclovir,18,0.31530794501304626
Ronidazole,14,0.36052533984184265
Neomycin Sulphate B ,47,0.6050963997840881
Cinchonine,22,0.29199448227882385
Econazole,24,0.4469534158706665
Florfenicol,21,0.625094473361969
Cilostazol,27,0.30207133293151855
Carbenicillin disodium,28,0.6662482023239136
Acetylspiramycin,62,0.34741705656051636
Quinine,24,0.30242109298706055
Azobenzene,14,0.25934672355651855
Promethazine,20,0.32777538895606995
2-Amino-5-nitrobenzophenone,18,0.3546910583972931
Dicurone,12,0.3244771361351013
Robenidine HCl,23,0.9399474263191223
Osalmid,17,0.3051564395427704
Valpramide,10,0.3107578754425049
Sodium montmorillonite,18,0.47488510608673096
Lithocholic acid,27,0.3561882972717285
Carbinoxamine Maleate Salt,28,0.42694640159606934
Hematoxylin,22,0.31838756799697876
Leucocrystal Violet,28,0.27341434359550476
Uridine,17,0.32396745681762695
L-Hyoscyamine,21,0.33331531286239624
Tetracycline,32,0.32605624198913574
Hesperetin,22,0.3122101426124573
Kinetin,16,0.2838679254055023
Sinomenine HCl,26,0.9574396014213562
Carbimazole,12,0.38005203008651733
4-Hydroxyantipyrine,15,0.3168942332267761
Warfarin sodium,24,0.6561773419380188
Valerin,11,0.6654921174049377
Tolterodine tartrate,34,0.36438730359077454
Ampicillin,24,0.35768479108810425
Amoxicillin trihydrate,28,0.4610978066921234
Doxycycline,36,0.9598627686500549
Actarit,14,0.3510262668132782
Manidipine 2HCl,49,0.9573575854301453
Bengenin,23,0.3175179660320282
Tilmicosin,61,0.3395533859729767
Diaveridine,19,0.31111305952072144
cis-Anethol,11,0.30343180894851685
Atropine sulfate monohydrate,48,0.604245126247406
Stugeron,28,0.2641560435295105
Hydroxyzine Pamoate,55,0.42160409688949585
Diphenylpyraline HCl,23,0.9545267224311829
Agipnon,11,0.3181910216808319
Oxytetracycline (Terramycin),37,0.6666960716247559
Aloe-emodin,20,0.3070843517780304
Laetrile,32,0.33746254444122314
Vitamin E,31,0.3021170198917389
Tetracycline HCl,34,0.956358015537262
Troxerutin,52,0.3371775448322296
Dasatinib monohydrate,34,0.45837104320526123
Sulfasalazine,28,0.45321306586265564
Cimetidine,17,0.360613614320755
Bephenium Hydroxynaphthoate,33,0.3450362980365753
Cefotaxime sodium,31,0.654783308506012
Diethylcarbamazine citrate,27,0.360683798789978
Butoconazole nitrate,29,0.46362969279289246
Pasiniazid,21,0.35270553827285767
Ethambutol 2HCl,18,0.9784619212150574
Chloquinan,14,0.45827561616897583
Carbamazepine,18,0.3071962594985962
Cinchonidine,22,0.29199448227882385
Sulfamethizole,17,0.47380879521369934
L-Carnitine HCl,12,0.9460121989250183
Tetraethylenepentamine Pentahydrochloride,18,0.9834490418434143
Armodafinil,19,0.41171666979789734
Curcumin,27,0.3102988600730896
Aloin,30,0.33385345339775085
4-Aminophenol,8,0.30859827995300293
Dibutyl phthalate,20,0.3269905745983124
Streptomycin sulfate,95,0.6074082255363464
4-Aminoantipyrine,15,0.3013307750225067
Thiamine hydrochloride,21,0.9733643531799316
D(+)-Glucose,12,0.32431358098983765
Flubendazole,23,0.3405797779560089
Mercaptopurine (6-MP),10,0.3711719512939453
Sodium butanoate,7,0.6775897741317749
Etamsylate,17,0.5278267860412598
Sodium Nitroprusside,15,0.6654374599456787
Aminophylline,30,0.30639487504959106
Ethoxyquin,16,0.30068981647491455
Sulfacetamide sodium,15,0.6766296029090881
Carbadox,19,0.3399258553981781
Birch-Me,11,0.33777403831481934
Benzocaine,12,0.33255091309547424
Procainamide HCl,19,0.957042396068573
Cialis,29,0.31374502182006836
Disulfiram,16,0.5165097117424011
Resorcin monoacetate,11,0.3359321355819702
Diethanol sulfide,7,0.35140764713287354
4-aminobenzoic acid,10,0.3498941659927368
Bismuth subsalicylat,12,0.4518878161907196
Benzoic acid,9,0.34380853176116943
Xylitol,10,0.3234174847602844
Heptaminol HCl,12,0.9685339331626892
Nicotinic acid,9,0.343757301568985
Tolperisone HCl,20,0.9564066529273987
Promazine HCl,22,0.9586154818534851
Gallic acid,12,0.33540788292884827
Menadiol Diacetate,19,0.3450216054916382
Cefixime,30,0.37693023681640625
Inositol,12,0.3117845952510834
Betaine HCl,9,0.9515913724899292
Uracil,8,0.304021954536438
Taurine,7,0.5589704513549805
Triclosan,17,0.44725120067596436
Uric Acid,12,0.29873791337013245
Theobromine,13,0.31126460433006287
Octisalate,18,0.3298785388469696
Octyl 4-methoxycinnamate,21,0.33169397711753845
Diosmin,43,0.33498913049697876
Pefloxacin,24,0.34886446595191956
Diclofenac diethylamine,24,0.4336358606815338
Menthol,11,0.30451083183288574
Cinnamic acid,11,0.3487289249897003
Clotrimazole,25,0.4119876027107239
Penicillin V potassium salt,25,0.3808596432209015
Niclosamide,21,0.4295802116394043
TMTD,12,0.5210195779800415
Capitrol,13,0.45607632398605347
Iodoquinol,13,1.1195130348205566
Testosterone propionate,25,0.338787317276001
Chlortetracycline HCl,35,0.9607329964637756
Etofylline,16,0.3132476806640625
Bromhexine HCl,20,1.0041449069976807
Folic acid,32,0.3534429669380188
Dehydrocholic acid,29,0.357166588306427
Riboflavin,27,0.3453323245048523
Behenic alcohol,23,0.3078179955482483
Neomycin sulfate,47,0.6050963997840881
Isoleucin,9,0.35422226786613464
Pyrithioxin,24,0.4601023197174072
6-Aminocaproic acid,9,0.35329967737197876
DL-Carnitine,11,0.3566659092903137
Phenothiazine,14,0.32312583923339844
Tyrosine,13,0.3483786880970001
Eugenol,12,0.31187519431114197
Menthol,11,0.30451083183288574
D-Camphor,11,0.30220097303390503
Oxeladin citrate,37,0.3604157865047455
Fluphenazine HCl,34,0.9655213952064514
Nonoxynol,19,0.32351383566856384
Diatrizoic Acid,20,1.1178667545318604
Methylene Blue trihydrate,24,0.9394975900650024
Mephenesin,13,0.34472283720970154
Thiabendazole,14,0.3599768877029419
Cinene,10,0.2746824622154236
Clofibrate,16,0.42628705501556396
Dimethyl fumarate,10,0.3188260793685913
Diprophylline,18,0.3296019434928894
Clofibric acid,14,0.4273413121700287
Vanatone,11,0.30478909611701965
Corvotone,13,0.2981288433074951
Acetaminophen,11,0.3115115165710449
Octocrilene,27,0.32395684719085693
Ethyl vanillin,12,0.30649158358573914
Lauroseptol,21,1.932159185409546
Meglumine,13,0.3470935523509979
Dermofongin,12,0.420843243598938
Phthalylsulfathiazole,27,0.46652156114578247
Piperonyl butoxide,24,0.31475305557250977
Antipyrine,14,0.30280691385269165
Bithionol,19,0.45450925827026367
Acetylcysteine,10,0.40468209981918335
Bronidiol,9,0.6778233647346497
Saccharin,12,0.46748510003089905
Furacilin,14,0.3542928695678711
Ayrtol,10,0.42056959867477417
Dehydroacetic acid,12,0.3324275016784668
Cetylpyridinium chloride monohydrate,24,0.9282923340797424
Ofloxacin,26,0.34999942779541016
Phenylmercuric acetate,11,0.32795071601867676
Terpin Monohydrate,13,0.4491553008556366
Docusate sodium,29,0.6686139106750488
Cyclamic acid,11,0.5435265302658081
Propofol,13,0.2993932366371155
Dyclonine HCl,23,0.9563687443733215
4-Methylumbelliferone (4-MU),13,0.33680984377861023
Amantadine HCl,13,0.9621118903160095
Mexenone,18,0.31203871965408325
Sodium 4-Aminosalicylate,14,0.6754077076911926
Dichlorophen,17,0.43304184079170227
Piracetam,10,0.31308698654174805
Chlorpropamide,17,0.47426775097846985
Tetramisole HCl,16,0.9662007689476013
Creatinine,8,0.3075367510318756
Sasapyrine,19,0.3472287356853485
Oxybenzone,17,0.30446821451187134
Leucobasal,9,0.29634538292884827
Cyclandelate,20,0.3420100510120392
L-Pyroglutamic acid,9,0.3407362699508667
Sulfaguanidine,14,0.46349355578422546
Phenylindione,17,0.2948773503303528
Benzyl benzoate,16,0.32031410932540894
Triacetin,15,0.3278469145298004
Aptal,9,0.42659714818000793
4-Aminopyridine,7,0.2704789936542511
Dinitolmide,16,0.3623011112213135
Dimetridazole,10,0.3548224866390228
4-Biphenylacetic acid,16,0.34659066796302795
Mefenamic acid,18,0.34666797518730164
Sulphadione,17,0.4475945234298706
Tinidazole,16,0.4763656556606293
Sulfabenzamide,19,0.4618208706378937
Busulfan,14,0.532660961151123
Sulfadiazine,17,0.4576110243797302
Acesulfame Potassium,11,0.5327075719833374
Guaiacol,9,0.31040579080581665
Nitrofurantoin,17,0.3557695150375366
Ibuprofen,15,0.34649476408958435
Dexpanthenol,14,0.32511603832244873
Atenolol,19,0.3201140761375427
Phenytoin sodium,20,0.6542764902114868
Crystal Violet,29,0.9242693781852722
Oxolamine citrate,31,0.35569360852241516
Fenofibric acid,22,0.4248224198818207
Guaifenesin,14,0.3386912941932678
Metformin HCl,11,0.9655434489250183
Aceglutamide,13,0.34044113755226135
Orotic acid,11,0.33456310629844666
Trans-Anethole,11,0.30343180894851685
Zinc undecylenate,27,0.36796319484710693
Succinylsulfathiazole ,23,0.46896564960479736
L-Ascorbyl 6-palmitate,29,0.3405592441558838
Piroxicam,23,0.4446446895599365
Cholesterol,28,0.30812931060791016
Sulfamethoxazole,17,0.4605694115161896
Chlorobutanol,8,0.7534741759300232
Butyl 4-aminobenzoate,14,0.33023130893707275
Anestan,7,0.9242376685142517
Fluorescein,25,0.3188745081424713
Tolazoline HCl,14,0.9608562588691711
Methacholine Chloride,12,0.943175733089447
L-Ornithine,9,0.34776195883750916
Urethane,6,0.34044337272644043
Homosalate,19,0.33289051055908203
Roxarsone,14,0.3530345559120178
Sulfamethazine,19,0.4567771553993225
Disodium monofluorophosphate,7,0.6439263820648193
Sulfathiazole,16,0.4757319688796997
Sulfameter,19,0.4588175415992737
Furazolidone,16,0.3563472628593445
Monobenzone,15,0.301331490278244
Sulfapyridine,17,0.45765572786331177
Sulfamerazine,18,0.45744088292121887
Climbazole,20,0.42514604330062866
Mesalamine,11,0.355249285697937
Urea,4,0.3142324984073639
2-Vinylpyridine,8,0.2650302052497864
4-Isopropylphenol,10,0.3069165050983429
Sodium tauroglycocholate,40,0.6682023406028748
Dibenzosuberone,16,0.29279497265815735
Benzoyl peroxide,18,0.33714690804481506
Phenytion,19,0.30429089069366455
Edetol,20,0.316353976726532
Iminodibenzyl,15,0.2586278021335602
"2,6-Dimethylaniline",9,0.2742480933666229
2-Amino-5-chlorobenzophenone,16,0.4262334108352661
Semicarbazide hydrochloride,7,0.9886524081230164
Flopropione,13,0.3150712251663208
Penicillin G sodium salt,24,0.6600080728530884
Chlorzoxazone,11,0.4185327887535095
Sulfamethazine sodium salt,20,0.6674206256866455
Nandrolone,20,0.30826395750045776
Glucosamine HCl,14,0.9751799702644348
Theophylline-7-acetic acid,18,0.6611945033073425
4-Aminophenylarsonic acid,11,0.34363317489624023
Betahistine mesylate,20,0.5731590986251831
"N,N-methylenebis N'-1-(hydroxymethyl)-2,5-dioxo-4-imidazolidinyl urea",27,0.3007226586341858
Doxycycline hyclate,72,0.9579593539237976
L-Glutamine,10,0.35088175535202026
Phenacetin,13,0.3122437000274658
beta-Alanine,6,0.35983845591545105
Auranofin,32,0.4349578320980072
2-Naphthol,11,0.30024218559265137
Miconazole nitrate,29,0.45405644178390503
Amprolium Hydrochloride,21,0.9651023745536804
arginine monohydrochloride,14,0.9669517874717712
Talc,19,0.38384684920310974
Calcium gluconate,27,1.0112683773040771
Guanidine HCl,6,0.9899346232414246
Chloramine-T,13,0.6952845454216003
Maltose,23,0.3239883780479431
Maltitol,23,0.3220299780368805
Lactose,23,0.3239883780479431
Salicylic acid,10,0.35042905807495117
D-Mannitol,12,0.3230605125427246
Pentetic Acid,27,0.3588413596153259
Sodium nitrite,4,0.6681498885154724
Hydroquinone,8,0.2895410358905792
Potassium iodide,2,3.4960808753967285
Sulfanilamide,11,0.4916858673095703
Ethylparaben,12,0.32344797253608704
Ethylenediaminetetraacetic acid trisodium salt solution,26,0.681734561920166
Coumarin,11,0.3254048824310303
Sodium gluconate,14,0.657922089099884
Oxyclozanide,22,0.5015859007835388
Casanthranol,31,0.33527570962905884
Phenolphthalein,24,0.31771039962768555
Panthenol,14,0.32511603832244873
Chloral hydrate,7,0.7684425115585327
Theophylline monohydrate,14,0.4499768018722534
Glucosamine,12,0.33608824014663696
Potassium antimonyl tartrate sesquihydrate,27,0.9923954010009766
Camphor,11,0.30220097303390503
L(+)-Ascorbic acid,12,0.3244771361351013
Nicotinamide,9,0.3067762851715088
Succinic acid,8,0.3286668062210083
Allantoin,11,0.3048575520515442
Hydroxyquinoline,11,0.2977987825870514
Acetylsalicylic acid,13,0.35061216354370117
Azelaic acid,13,0.3537830114364624
Edaravone,13,0.30173468589782715
Delphene,14,0.301666796207428
Butylparaben,14,0.32847219705581665
Delta-Gluconolactone,12,0.32431358098983765
Antepan,6,0.24348942935466766
Hexamethylenetetramine,10,0.2523674964904785
Acetanilide,10,0.3098185062408447
Benzyl alcohol,8,0.3019871413707733
4-Chlorophenol,8,0.4224052429199219
Resorcine,8,0.3028613328933716
BHT FCC/NF,16,0.298715740442276
Salicylamide,10,0.3151150941848755
Phenethyl alcohol,9,0.30749380588531494
Glafenine,26,0.42495232820510864
Ferrous fumarate,9,0.3769443929195404
Adipic acid,10,0.3514540195465088
Trometamol,8,0.3371095657348633
Palmitic acid,18,0.34788310527801514
Daidzein,19,0.3058364987373352
Ferulic Acid,14,0.3523872494697571
L-Rhamnose monohydrate,24,0.33667224645614624
D-(+)-Maltose monohydrate,24,0.44255614280700684
